[
  {
    "id": 1,
    "title": "Denim Jacket",
    "desc": "COLOR\t\nBlack, Blue, Pink, Red, White\n\nSIZE\t\nExtra Large, Large, Medium, Small, XXL",
    "price": "1299",
    "category": "Men",
    "images": "../images/denim jacket-1.jpg,../images/denim jacket-2.jpg,../images/denim jacket-3.jpg,../images/denim jacket-4.jpg,../images/denim jacket-5.jpg",
    "stock": "100",
    "timesBought": "5",
    "productDescription": "COLOR\t\nBlack, Blue, Pink, Red, White\n\nSIZE\t\nExtra Large, Large, Medium, Small, XXL",
    "reviwes": [
      {
        "stars": "1",
        "text": "Praesent laoreet ornare ligula, ac accumsan turpis sagittis at. Integer auctor egestas eleifend. Etiam luctus mattis justo, vitae fermentum libero euismod lacinia. Proin at consequat risus. Praesent sollicitudin vestibulum felis, ut sodales enim.",
        "author": "John Doe"
      },
      {
        "stars": "4",
        "text": "Praesent laoreet ornare ligula, ac accumsan turpis sagittis at. Integer auctor egestas eleifend. Etiam luctus mattis justo, vitae fermentum libero euismod lacinia. Proin at consequat risus. Praesent sollicitudin vestibulum felis, ut sodales enim.",
        "author": "John Doe"
      }
    ],
    "avrStars": "2.5",
    "enabled": true
  },
  {
    "id": 2,
    "title": "DOUBLE BREASTED BLAZER",
    "desc": "• Shell: 58% Polyester, 23% Wool, 17% Viscose, 2% Elastane. Lining: 100% Polyester\n• Machine Washable\n• Imported",
    "price": "3000",
    "category": "Men",
    "images": "../images/blazer-1.jpg,../images/blazer-2.jpg",
    "stock": "100",
    "timesBought": "5",
    "productDescription": "STYLE #531620\nStretchy ponte perfects the dapper and flattering fit of this double-breasted blazer, a tailored staple with chic panache. Notched lapels. Long sleeves with button cuffs. Double breasted button front. Front flap pockets. Back vent.\n• Fits straight & relaxed\n• Soft & stretchy knit\n• Hits at hip\n• 23 1/2\" long",
    "reviwes": [
      {
        "stars": "5",
        "text": "Praesent laoreet ornare ligula, ac accumsan turpis sagittis at. Integer auctor egestas eleifend. Etiam luctus mattis justo, vitae fermentum libero euismod lacinia. Proin at consequat risus. Praesent sollicitudin vestibulum felis, ut sodales enim.",
        "author": "John Doe"
      },
      {
        "stars": "4",
        "text": "Praesent laoreet ornare ligula, ac accumsan turpis sagittis at. Integer auctor egestas eleifend. Etiam luctus mattis justo, vitae fermentum libero euismod lacinia. Proin at consequat risus. Praesent sollicitudin vestibulum felis, ut sodales enim.",
        "author": "John Doe"
      }
    ],
    "avrStars": "4.5",
    "enabled": true
  },
  {
    "id": 3,
    "title": "STRIPED SPLIT NECK SWEATER",
    "desc": "• 70% Cotton, 30% Nylon\n• Machine Washable\n• Imported",
    "price": "1500",
    "category": "Men",
    "images": "../images/sweater-1.jpg,../images/sweater-2.jpg",
    "stock": "100",
    "timesBought": "5",
    "productDescription": "With a tied neck, this perfectly slouched sweater winks at modern cool. Split neck with ties. Dropped shoulders. Long sleeves.\n• Softly fitted\n• Soft knit\n• Hits at hip\n• 24\" long",
    "reviwes": [
      {
        "stars": "5",
        "text": "Praesent laoreet ornare ligula, ac accumsan turpis sagittis at. Integer auctor egestas eleifend. Etiam luctus mattis justo, vitae fermentum libero euismod lacinia. Proin at consequat risus. Praesent sollicitudin vestibulum felis, ut sodales enim.",
        "author": "John Doe"
      },
      {
        "stars": "4",
        "text": "Praesent laoreet ornare ligula, ac accumsan turpis sagittis at. Integer auctor egestas eleifend. Etiam luctus mattis justo, vitae fermentum libero euismod lacinia. Proin at consequat risus. Praesent sollicitudin vestibulum felis, ut sodales enim.",
        "author": "John Doe"
      }
    ],
    "avrStars": "4.5",
    "enabled": true
  },
  {
    "id": 4,
    "title": "DOT SMOCKED JUMPSUIT",
    "desc": "• 100% Rayon\n• Machine Washable\n• Imported",
    "price": "2000",
    "category": "Men",
    "images": "../images/jumpsuit-1.jpg,../images/jumpsuit-2.jpg",
    "stock": "100",
    "timesBought": "5",
    "productDescription": "STYLE #535666\nSmocked at the waist and tied at the back, this jumpsuit is as flattering as it is pretty. V-neck. Sleeveless. Elasticized waist. Front slash pockets. Back tie cutout. Partially lined.\n• Fits straight & relaxed\n• Fluid woven\n• Hits at a",
    "reviwes": [
      {
        "stars": "5",
        "text": "Praesent laoreet ornare ligula, ac accumsan turpis sagittis at. Integer auctor egestas eleifend. Etiam luctus mattis justo, vitae fermentum libero euismod lacinia. Proin at consequat risus. Praesent sollicitudin vestibulum felis, ut sodales enim.",
        "author": "John Doe"
      },
      {
        "stars": "4",
        "text": "Praesent laoreet ornare ligula, ac accumsan turpis sagittis at. Integer auctor egestas eleifend. Etiam luctus mattis justo, vitae fermentum libero euismod lacinia. Proin at consequat risus. Praesent sollicitudin vestibulum felis, ut sodales enim.",
        "author": "John Doe"
      }
    ],
    "avrStars": "4.5",
    "enabled": true
  },
  {
    "id": 5,
    "title": "LINEN BLEND BUTTON FRONT WIDE LEG PANTS",
    "desc": "• 55% Linen, 45% Rayon\n• Machine Washable\n• Imported",
    "price": "1000",
    "category": "Men",
    "images": "../images/pants-1.jpg,../images/pants-2.jpg",
    "stock": "100",
    "timesBought": "5",
    "productDescription": "STYLE #535690\nOf the moment and timelessly flattering. Button fly. Front patch pockets. Back welt pockets.\n• Wide leg: flattering, cool and easy, with a relaxed leg\n• High waisted\n• Crop\n• 25 1/2\" inseam",
    "reviwes": [
      {
        "stars": "5",
        "text": "Praesent laoreet ornare ligula, ac accumsan turpis sagittis at. Integer auctor egestas eleifend. Etiam luctus mattis justo, vitae fermentum libero euismod lacinia. Proin at consequat risus. Praesent sollicitudin vestibulum felis, ut sodales enim.",
        "author": "John Doe"
      },
      {
        "stars": "4",
        "text": "Praesent laoreet ornare ligula, ac accumsan turpis sagittis at. Integer auctor egestas eleifend. Etiam luctus mattis justo, vitae fermentum libero euismod lacinia. Proin at consequat risus. Praesent sollicitudin vestibulum felis, ut sodales enim.",
        "author": "John Doe"
      }
    ],
    "avrStars": "4.5",
    "enabled": true
  },
  {
    "id": 6,
    "title": "SLIM POCKET SKINNY CROP JEANS",
    "desc": "STYLE #529122\nIntroducing denim with extra slimming and stretchy pockets - that magically hold you in for an irresistibly flattering finish! Expertly designed with premium mills to smooth, lift, fit and flatter in all the right places, our denim is s",
    "price": "1000",
    "category": "Men",
    "images": "../images/jeans-1.jpg,../images/jeans-2.jpg",
    "stock": "100",
    "timesBought": "5",
    "productDescription": "• 92% Cotton, 6% Polyester, 2% Spandex\n• Machine Washable\n• Imported",
    "reviwes": [
      {
        "stars": "5",
        "text": "Praesent laoreet ornare ligula, ac accumsan turpis sagittis at. Integer auctor egestas eleifend. Etiam luctus mattis justo, vitae fermentum libero euismod lacinia. Proin at consequat risus. Praesent sollicitudin vestibulum felis, ut sodales enim.",
        "author": "John Doe"
      },
      {
        "stars": "4",
        "text": "Praesent laoreet ornare ligula, ac accumsan turpis sagittis at. Integer auctor egestas eleifend. Etiam luctus mattis justo, vitae fermentum libero euismod lacinia. Proin at consequat risus. Praesent sollicitudin vestibulum felis, ut sodales enim.",
        "author": "John Doe"
      }
    ],
    "avrStars": "4.5",
    "enabled": true
  },
  {
    "id": 7,
    "title": "MARLED ROBE",
    "desc": "• 78% Rayon, 19% Polyester, 3% Spandex\n• Machine Washable\n• Imported",
    "price": "1400",
    "category": "Men",
    "images": "../images/sleepwear-1.jpg,../images/sleepwear-2.jpg",
    "stock": "100",
    "timesBought": "5",
    "productDescription": "STYLE #538220\nSay hello to chic dreams (and good night to sacrificing style) with this irresistibly soft robe. Hooded. Long sleeves. Open front. Removable waist tie.\n• Relaxed fit\n• Soft & stretchy knit",
    "reviwes": [
      {
        "stars": "5",
        "text": "Praesent laoreet ornare ligula, ac accumsan turpis sagittis at. Integer auctor egestas eleifend. Etiam luctus mattis justo, vitae fermentum libero euismod lacinia. Proin at consequat risus. Praesent sollicitudin vestibulum felis, ut sodales enim.",
        "author": "John Doe"
      },
      {
        "stars": "4",
        "text": "Praesent laoreet ornare ligula, ac accumsan turpis sagittis at. Integer auctor egestas eleifend. Etiam luctus mattis justo, vitae fermentum libero euismod lacinia. Proin at consequat risus. Praesent sollicitudin vestibulum felis, ut sodales enim.",
        "author": "John Doe"
      }
    ],
    "avrStars": "4.5",
    "enabled": true
  },
  {
    "id": 8,
    "title": "LOU & GREY SIGNATURE SOFTBLEND SWEATSHIRT",
    "desc": "• 48% Rayon, 48% Acrylic, 4% Spandex\n• Machine Washable\n• Imported",
    "price": "1500",
    "category": "Men",
    "images": "../images/sweatshirt-1.jpg,../images/sweatshirt-2.jpg",
    "stock": "100",
    "timesBought": "5",
    "productDescription": "STYLE #510914\nThis crazy soft fabric was developed just for you—wrap yourself up in it and say “ahhhhh.” Round neck. Long sleeves. This piece was made in a HERproject partner factory.\n• Regular\n• Hits at hip\n• 24\" long\nAvailable in: Black, Blue, Grey, Pink",
    "reviwes": [
      {
        "stars": "5",
        "text": "Praesent laoreet ornare ligula, ac accumsan turpis sagittis at. Integer auctor egestas eleifend. Etiam luctus mattis justo, vitae fermentum libero euismod lacinia. Proin at consequat risus. Praesent sollicitudin vestibulum felis, ut sodales enim.",
        "author": "John Doe"
      },
      {
        "stars": "4",
        "text": "Praesent laoreet ornare ligula, ac accumsan turpis sagittis at. Integer auctor egestas eleifend. Etiam luctus mattis justo, vitae fermentum libero euismod lacinia. Proin at consequat risus. Praesent sollicitudin vestibulum felis, ut sodales enim.",
        "author": "John Doe"
      }
    ],
    "avrStars": "4.5",
    "enabled": true
  },
  {
    "id": 9,
    "title": "PANTS IN CURVY FIT",
    "desc": "• 97% Cotton, 3% Spandex\n• Machine Washable\n• Imported",
    "price": "1100",
    "category": "Men",
    "images": "../images/curvy pants-1.jpg,../images/curvy pants-2.jpg",
    "stock": "100",
    "timesBought": "5",
    "productDescription": "STYLE #503417\nBecause sunny style should always be easy, our Riviera pants make every day a getaway. Front zip with hook-and-bar closure. Front slash pockets. Back welt pockets.\n• Slim: modern, slim and straight through the hip and thigh\n• Mid rise\n• Crop\n• 26\" inseam",
    "reviwes": [
      {
        "stars": "5",
        "text": "Praesent laoreet ornare ligula, ac accumsan turpis sagittis at. Integer auctor egestas eleifend. Etiam luctus mattis justo, vitae fermentum libero euismod lacinia. Proin at consequat risus. Praesent sollicitudin vestibulum felis, ut sodales enim.",
        "author": "John Doe"
      },
      {
        "stars": "4",
        "text": "Praesent laoreet ornare ligula, ac accumsan turpis sagittis at. Integer auctor egestas eleifend. Etiam luctus mattis justo, vitae fermentum libero euismod lacinia. Proin at consequat risus. Praesent sollicitudin vestibulum felis, ut sodales enim.",
        "author": "John Doe"
      }
    ],
    "avrStars": "4.5",
    "enabled": true
  },
  {
    "id": 10,
    "title": "FLORAL WRAP MIDI SKIRT",
    "desc": "• 55% Linen, 45% Viscose\n• Machine Washable\n• Imported",
    "price": "1500",
    "category": "Men",
    "images": "../images/skirt-1.jpg,../images/skirt-2.jpg",
    "stock": "100",
    "timesBought": "0",
    "productDescription": "STYLE #535534\nIt's a wrap - we've found the perfect skirt, and it's ready to make every outfit bloom. Side waist ties. Partially lined.\n• Fitted waist & flared skirt\n• Fluid woven\n• Hits below the knee\n• 34\" long\nAvailable in: Pink",
    "reviews": [],
    "enabled": true
  },
  {
    "id": 11,
    "title": "COLORBLOCK HALTER TOP",
    "desc": "• 100% Polyester\n• Machine Washable\n• Imported",
    "price": "800",
    "category": "Men",
    "images": "../images/top-1.jpg,../images/top-2.jpg",
    "stock": "100",
    "timesBought": "0",
    "productDescription": "STYLE #532738\nWith a ruffled halter neck, this top starts on the sweetest note. High round halter neck. Sleeveless. Back button keyhole.\n• Flowy fit\n• Fluid woven\n• Hits at hip\n• 24\" long\nAvailable in: Blue",
    "reviews": [],
    "enabled": true
  },
  {
    "id": 12,
    "title": "Hello",
    "desc": "qq",
    "price": "1222",
    "category": "Men",
    "images": "https://img.webmd.com/dtmcms/live/webmd/consumer_assets/site_images/article_thumbnails/other/cat_relaxing_on_patio_other/1800x1200_cat_relaxing_on_patio_other.jpg",
    "stock": "12",
    "timesBought": "0",
    "productDescription": "",
    "reviews": [],
    "enabled": true
  },
  {
    "id": 13,
    "title": "Mian",
    "desc": "hahahha",
    "price": "122",
    "category": "Men",
    "images": "https://images.pexels.com/photos/104827/cat-pet-animal-domestic-104827.jpeg?auto=compress&cs=tinysrgb&dpr=1&w=500",
    "stock": "1",
    "timesBought": "0",
    "productDescription": "",
    "reviews": [],
    "enabled": true
  },
  {
    "id": 14,
    "title": "bablu",
    "desc": "hahahha",
    "price": "122",
    "category": "Men",
    "images": "https://images.pexels.com/photos/104827/cat-pet-animal-domestic-104827.jpeg?auto=compress&cs=tinysrgb&dpr=1&w=500",
    "stock": "1",
    "timesBought": "0",
    "productDescription": "",
    "reviews": [],
    "enabled": true
  },
  {
    "id": 15,
    "title": "Don",
    "desc": "hahahha",
    "price": "122",
    "images": "https://images.pexels.com/photos/104827/cat-pet-animal-domestic-104827.jpeg?auto=compress&cs=tinysrgb&dpr=1&w=500",
    "stock": "1",
    "category": "Women",
    "timesBought": "0",
    "productDescription": "",
    "reviews": [],
    "enabled": true
  },
  {
    "id": 16,
    "title": "hey",
    "desc": "jaj",
    "price": "1200",
    "images": "https://www.researchgate.net/profile/Abdullah_Mahmud2/publication/224401335/figure/fig1/AS:393660731543556@1470867440345/The-iCat-robot-and-the-Robovie-II-robot.png",
    "stock": "1",
    "category": "Men",
    "timesBought": "0",
    "productDescription": "",
    "reviews": [],
    "enabled": true
  }
]
